{
  "manifest": {
    "publishingInformation": {
      "locales": {
        "es-ES": {
          "summary": "Skill TFG Juan Peña",
          "examplePhrases": [
            "Alexa abre juega conmigo",
            "abre juega conmigo"
          ],
          "keywords": [],
          "name": "TFG",
          "description": "Skill con dos tipos de ejercicios con preguntas en funcion de la edad",
          "smallIconUri": "file://assets/images/es-ES_smallIconUri.png",
          "largeIconUri": "file://assets/images/es-ES_largeIconUri.png"
        }
      },
      "automaticDistribution": {
        "isActive": false
      },
      "isAvailableWorldwide": true,
      "testingInstructions": "Prueba y experimenta",
      "category": "KNOWLEDGE_AND_TRIVIA",
      "distributionCountries": []
    },
    "apis": {
      "custom": {
        "endpoint": {
          "uri": "arn:aws:lambda:us-east-1:946511807529:function:423cfdea-827c-4e14-a815-3974aafd2cb8:Release_0"
        },
        "interfaces": [],
        "regions": {
          "EU": {
            "endpoint": {
              "uri": "arn:aws:lambda:eu-west-1:946511807529:function:423cfdea-827c-4e14-a815-3974aafd2cb8:Release_0"
            }
          },
          "NA": {
            "endpoint": {
              "uri": "arn:aws:lambda:us-east-1:946511807529:function:423cfdea-827c-4e14-a815-3974aafd2cb8:Release_0"
            }
          },
          "FE": {
            "endpoint": {
              "uri": "arn:aws:lambda:us-west-2:946511807529:function:423cfdea-827c-4e14-a815-3974aafd2cb8:Release_0"
            }
          }
        }
      }
    },
    "manifestVersion": "1.0",
    "privacyAndCompliance": {
      "allowsPurchases": false,
      "locales": {
        "es-ES": {}
      },
      "containsAds": false,
      "isExportCompliant": true,
      "isChildDirected": false,
      "usesPersonalInfo": false
    }
  }
}